id;d_r_aliquota_iva;d_r_natura;d_r_spese_accessorie;d_r_arrotondamento;d_r_imponibile_importo;d_r_imposta;d_r_esigibilita_iva;d_r_riferimento_normativo
1;approa;Le;Licensed Fresh ;Rustic;Forge bus Woode;XML Electronics;S;Lead synthesizing
2;Office;pr;Ohio;Mouse hierarchy Bucki;payment systems;Iceland;c;channels
3;Respon;Fu;Director protoc;transform Assurance G;bypassing Cambr;connect enterpr;S;Operations Legacy
4;quanti;ef;Savings Account;haptic enhance Cotton;Manager;knowledge base ;O;calculating mint green Mall
5;Estate;mi;Handcrafted Rub;Handmade Rubber Pants;Cambodia;intranet;U;Tools Bedfordshire Soft
6;plug-a;To;Hawaii monitor ;SQL Belarus;CSS panel;Investor;g;hack clicks-and-mortar Optimization
7;New Je;Fi;Unbranded Berks;Web;indexing pink;Customer Iowa i;f;rich neural Communications
8;out-of;ca;Cape Tools;Jamaican Dollar;Pennsylvania Is;withdrawal oliv;s;back up Berkshire
9;Tasty;in;online superstr;Malaysia pixel Public;Bahamian Dollar;Movies Small Fr;o;hacking Rwanda
10;USB;In;interfaces focu;Sleek Fresh Mouse Woo;transmitting;Money Market Ac;S;IB
